Gene	Block	Forward Primer Well	Forward Primer	Reverse Primer Well	Reverse Primer
BRAFnterm	1	A1	AGTATCTCAGCAAGGGCAAC	A1	GTTGCATCTAAGCCAAGTGC
BRAFnterm	2	B1	CCAGAGCTTAGGGGACATAC	B1	AAGGACTGCATACCAGGTTG
BRAFnterm	3	C1	GCACGCAAAAGGACATAACC	D1	ACGTGAAACTGTATCGAGCC
BRAFnterm	4	D1	AGACACAAGGCTGATTCCAG	E1	ATTCAAGGGTTGGACGACTC
BRAFnterm	5	E1	TCCAATTATACGGAGCAGGC	F1	TACTGATAATTCGGACGCCC
BRAFnterm	6	F1	TAGTTGAGAACACGAACCCG	G1	TAAGATAGCACCACGGATGG
BRAFnterm	7	G1	CAGACCTACGGATCTTAGCG	H1	AGATAGTCACGCACAAGACC
BRAFnterm	8	H1	AAGGCCCAGAAGGATACAAC	A2	ACAACGAGCAGACCGAATAG
KRAS	1	A2	TATCAATCCGGAACCAGTGC	B2	TAACGACGTGCCGAACTTAG
KRAS	2	B2	AGTCCGACACAATGTGACAC	C2	ATGCCATGACGACAACTAGC
KRAS	3	C2	ACGAGATGATGCACCGATAG	D2	GGGTTGTCTCCTCTGATAGC
KRAS	4	D2	GACCATGCAAGGAGAGGTAC	E2	TGGGGACGACTTATAATGCC
CRAFnterm	1	E2	TGCATAGTATCCCAACAGGG	F2	GGAAAACTAAGACAAGGCGC
CRAFnterm	2	F2	AATGCGTCATTTTACACGGC	G2	AAGGCGCTCGGATAATACTC
CRAFnterm	3	G2	CGGATCGAACTTAGGTAGCC	H2	CGGGAGGAAGTCTTTAGACC
CRAFnterm	4	H2	GTTCAGAGGTACGAACCCTC	A3	TCAAAGGAGCACGAACCTAC
CRAFnterm	5	A3	AAACACGTGGCAAACATTCC	B3	GCAGCGTTTTAGCCTACAAG
CRAFnterm	6	B3	AATGCAAAGCTATTAGCGCG	C3	CGAACGCAAAAGTCCTCAAG
