Gene	Block	Forward Primer Well	Forward Primer	Reverse Primer Well	Reverse Primer	Validated
BRAFcterm	1	D9	TATACTGAAGAACGGCCCAG	F1	TACTGATAATTCGGACGCCC	True
BRAFcterm	2	H9	AGACAAGCCTTAACCGTAGG	E9	ACAGGAAGCAAGGTATACGC	False
BRAFcterm	3	F9	TAAGGGACGATGCTTAACCC	H1	AGATAGTCACGCACAAGACC	True
BRAFcterm	4	G3	TAGCTCGATAATCAAGGGGC	G3	TCTTGCGATAGACACAAGCC	True
BRAFcterm	5	H3	CCGTGCGACAAGATTTCAAG	H3	CCACGAGATAAGAGGATGGC	True
BRAFcterm	6	A4	AAAGCACTCTTAGGCCTCTG	A4	TAAGGATTCATCAGGTGCGC	True
BRAFcterm	7	B4	AATGTCCTTAGGCAGTCGTC	B4	ATACGTGGCTAGCATGAGAC	True
MRAS	1	A5	GCATAAAGTTGACAGGCCAG	C1	ATGCTAGCTGGAACTATCGG	False
MRAS	2	D4	GATACATAGACTTGGCCCCG	D4	ATCCAGGAGGTCTAGGAACC	True
MRAS	3	E4	AGTGAACTGACCGAATCCTC	E4	ATCCTAGAAAAGGCGAAGGC	True
MRAS	4	F4	TTAGCTCAGGTCCAAAGTCC	F4	CTGCTAGGGGCTACTTATCG	True
EGFRcterm	1	H10	GGGCACCGATTAAGAAATGC	A3	TCAAAGGAGCACGAACCTAC	True
EGFRcterm	2	A11	ACAAGGAGTCGGCATATCAC	B3	GCAGCGTTTTAGCCTACAAG	True
EGFRcterm	3	A5	GCATAAAGTTGACAGGCCAG	A5	AAGGATATGTAGACACCGCC	True
EGFRcterm	4	B5	AAAGGGGCCGTCAATATCAG	B5	AGATTAGCCGACTTTCCTGG	True
EGFRcterm	5	D6	CGATAGAACGACCAGGTAGC	C4	AGATAGATGCTCCGTCAAGC	False
EGFRcterm	6	D2	GACCATGCAAGGAGAGGTAC	E2	TGGGGACGACTTATAATGCC	False
EGFRcterm	7	E5	ACGGAGCCCTTATTGTAACC	E5	AGGTGATCTGACGAATGTCC	True
EGFRcterm	8	G5	AATAGGAACCTCTTACGCGG	F5	CCGAGGGAACCATGATACAG	True
EGFRcterm	9	H5	TCGAATATGCTGTAACCCCG	G5	AACGATGATGCTCACTCTCG	True
EGFRcterm	10	A2	TATCAATCCGGAACCAGTGC	F6	ACAGGGTATATTGAGTGCCC	False
ERBB2cterm	1	B9	ATACTGTAAGAACCACGCGG	A7	TGCTGAATGAGAAACCTCGG	False
ERBB2cterm	2	B2	AGTCCGACACAATGTGACAC	A7	TGCTGAATGAGAAACCTCGG	True
ERBB2cterm	3	C2	ACGAGATGATGCACCGATAG	B7	ATTCTCACGACGCAAGATGG	True
ERBB2cterm	4	D2	GACCATGCAAGGAGAGGTAC	C7	TCGAGACAAGAACGATTCCC	True
ERBB2cterm	5	A7	AGTATTGCCGGACTAAACCC	H6	TCTAGGACTATCACCGGAGG	True
ERBB2cterm	6	G2	CGGATCGAACTTAGGTAGCC	A4	TAAGGATTCATCAGGTGCGC	False
ERBB2cterm	7	C7	ATTAGGATTGCGAGCGACAC	B7	ATTCTCACGACGCAAGATGG	True
ERBB2cterm	8	E10	TCGACCAGGTTATCATGAGC	C2	ATGCCATGACGACAACTAGC	False
ERBB2cterm	9	H2	GTTCAGAGGTACGAACCCTC	G10	AGTATTAGGCGTCAAGGTCC	False
ERBB2cterm	10	B3	AATGCAAAGCTATTAGCGCG	A8	AAACCGGAGCCATACAGTAC	True
ERBB2cterm	11	G7	ATCAGACAACACAGAGGCTG	F7	ATTGACGGGAACTACACTCG	True
SHP2	1	A10	TTGACAGACAATCCGTAGGC	C7	TCGAGACAAGAACGATTCCC	False
SHP2	2	G3	TAGCTCGATAATCAAGGGGC	A2	ACAACGAGCAGACCGAATAG	False
SHP2	3	B8	CTAATATCCCTGAGCGACGG	A8	AAACCGGAGCCATACAGTAC	True
SHP2	4	C8	CACTCGATAGGTACAACCGG	B8	AGTTGCAGTATCTAACCCGC	True
SHP2	5	D8	TCAAGGTCCGTTATGGAACC	D8	AGGACACCAGACCAATGAAG	True
SHP2	6	F4	TTAGCTCAGGTCCAAAGTCC	B5	AGATTAGCCGACTTTCCTGG	False
SHP2	7	D4	GATACATAGACTTGGCCCCG	F10	AGGGCTAATTACCATCAGCG	False
SHP2	8	H3	CCGTGCGACAAGATTTCAAG	H8	TCACTTGGTATCGAGAACGG	False
SHP2	9	A7	AGTATTGCCGGACTAAACCC	A6	ACGTATGGGGAACACTACAC	False
SHP2	10	F4	TTAGCTCAGGTCCAAAGTCC	G9	AAGGAACTATGGCATCGAGC	True
SHP2	11	F6	AGTCCCAAGTTCAGACGTAC	H10	AGTTATAAGGGTCCGATGCC	False
SOS2cterm	1	E4	AGTGAACTGACCGAATCCTC	B3	GCAGCGTTTTAGCCTACAAG	False
SOS2cterm	2	H10	GGGCACCGATTAAGAAATGC	G6	CCTTTAACAGGACATGCAGC	False
SOS2cterm	3	E9	AAATAAGACGACGACCCTCG	E9	ACAGGAAGCAAGGTATACGC	True
SOS2cterm	4	F9	TAAGGGACGATGCTTAACCC	G9	AAGGAACTATGGCATCGAGC	True
SOS2cterm	5	G9	TGAGCGCAGAACTATCAGAC	H9	GAAGTGGTTTGCCTAAACGC	True
SOS2cterm	6	H9	AGACAAGCCTTAACCGTAGG	A10	TCTTCATAAGCCAGAGTGCC	True
SOS2cterm	7	E6	AGATTAGCTGCCGATACTGG	B6	ATCACAACAAAGGACGGGTC	False
SOS2cterm	8	B10	TAGTGACCTAATGCCATGGG	C10	TATCACGGAAGGACTCAACG	True
SOS2cterm	9	C10	TACTTGAATACCACGTGGCC	D10	ACATCGCATACCAGAACAGG	True
SOS2cterm	10	D1	AGACACAAGGCTGATTCCAG	G5	AACGATGATGCTCACTCTCG	False
ARAFnterm	1	D8	TCAAGGTCCGTTATGGAACC	G1	TAAGATAGCACCACGGATGG	False
ARAFnterm	2	E10	TCGACCAGGTTATCATGAGC	F10	AGGGCTAATTACCATCAGCG	True
ARAFnterm	3	G10	ACGATGGGGACATAGAACAC	G10	AGTATTAGGCGTCAAGGTCC	True
ARAFnterm	4	E2	TGCATAGTATCCCAACAGGG	A10	TCTTCATAAGCCAGAGTGCC	False
ARAFnterm	5	A11	ACAAGGAGTCGGCATATCAC	A11	AAGAATTACTGACCCCTCGG	True
ARAFnterm	6	E1	TCCAATTATACGGAGCAGGC	A11	AAGAATTACTGACCCCTCGG	False
ARAFcterm	1	A7	AGTATTGCCGGACTAAACCC	F1	TACTGATAATTCGGACGCCC	True
ARAFcterm	2	A1	AGTATCTCAGCAAGGGCAAC	D2	GGGTTGTCTCCTCTGATAGC	False
ARAFcterm	3	C1	GCACGCAAAAGGACATAACC	F3	GTATAAGATCAGCCGGACCC	True
ARAFcterm	4	D1	AGACACAAGGCTGATTCCAG	G3	TCTTGCGATAGACACAAGCC	True
ARAFcterm	5	E1	TCCAATTATACGGAGCAGGC	H3	CCACGAGATAAGAGGATGGC	True
ARAFcterm	6	F1	TAGTTGAGAACACGAACCCG	A4	TAAGGATTCATCAGGTGCGC	True
ARAFcterm	7	C10	TACTTGAATACCACGTGGCC	G8	AGATTGTTACTCCGACGGAC	False
CRAFcterm	1	G1	CAGACCTACGGATCTTAGCG	B4	ATACGTGGCTAGCATGAGAC	True
CRAFcterm	2	H1	AAGGCCCAGAAGGATACAAC	C4	AGATAGATGCTCCGTCAAGC	True
CRAFcterm	3	A2	TATCAATCCGGAACCAGTGC	D4	ATCCAGGAGGTCTAGGAACC	True
CRAFcterm	4	B2	AGTCCGACACAATGTGACAC	E4	ATCCTAGAAAAGGCGAAGGC	True
CRAFcterm	5	C2	ACGAGATGATGCACCGATAG	F4	CTGCTAGGGGCTACTTATCG	True
CRAFcterm	6	D2	GACCATGCAAGGAGAGGTAC	G4	ACTGGACCCAATAAAAGGCC	True
KSR1nterm	1	E8	ACTAGATTAGCAAGGCACCC	C3	CGAACGCAAAAGTCCTCAAG	False
KSR1nterm	2	F8	AGTAGTATCCGAATCGCTGC	C3	CGAACGCAAAAGTCCTCAAG	True
KSR1nterm	3	G2	CGGATCGAACTTAGGTAGCC	B5	AGATTAGCCGACTTTCCTGG	True
KSR1nterm	4	F7	ACATAAGCGATCCCAAGGTC	H6	TCTAGGACTATCACCGGAGG	False
KSR1nterm	5	G10	ACGATGGGGACATAGAACAC	F8	TGCCAAAGGGTAGAGACATC	False
KSR1nterm	6	G8	GTACTCAGAGATTGCCGGAG	D9	AGCTCAATCTAACAGTGGGG	False
KSR1nterm	7	D9	TATACTGAAGAACGGCCCAG	H3	CCACGAGATAAGAGGATGGC	True
KSR1nterm	8	E9	AAATAAGACGACGACCCTCG	A4	TAAGGATTCATCAGGTGCGC	True
KSR1nterm	9	F9	TAAGGGACGATGCTTAACCC	B4	ATACGTGGCTAGCATGAGAC	True
KSR1nterm	10	C7	ATTAGGATTGCGAGCGACAC	A8	AAACCGGAGCCATACAGTAC	False
KSR1cterm	1	G9	TGAGCGCAGAACTATCAGAC	C4	AGATAGATGCTCCGTCAAGC	True
KSR1cterm	2	H3	CCGTGCGACAAGATTTCAAG	B6	ATCACAACAAAGGACGGGTC	True
KSR1cterm	3	A10	TTGACAGACAATCCGTAGGC	E4	ATCCTAGAAAAGGCGAAGGC	True
KSR1cterm	4	B10	TAGTGACCTAATGCCATGGG	F4	CTGCTAGGGGCTACTTATCG	True
KSR1cterm	5	G7	ATCAGACAACACAGAGGCTG	G9	AAGGAACTATGGCATCGAGC	False
KSR1cterm	6	D10	CCGGTTGTACCTATCGAGTG	F2	GGAAAACTAAGACAAGGCGC	False
KSR1cterm	7	E4	AGTGAACTGACCGAATCCTC	A7	TGCTGAATGAGAAACCTCGG	True
KSR1cterm	8	F4	TTAGCTCAGGTCCAAAGTCC	B7	ATTCTCACGACGCAAGATGG	True
KSR1cterm	9	C1	GCACGCAAAAGGACATAACC	F5	CCGAGGGAACCATGATACAG	False
KSR2nterm	1	G5	AATAGGAACCTCTTACGCGG	H5	CTAGGGAACCAGGCTTAACG	False
KSR2nterm	2	A11	ACAAGGAGTCGGCATATCAC	D5	AGTGGTCTGTAAACCGTACC	True
KSR2nterm	3	A5	GCATAAAGTTGACAGGCCAG	E7	TCATCGACAAGATACAGGCG	True
KSR2nterm	4	B1	CCAGAGCTTAGGGGACATAC	G7	TGAGCCATAAAAGCAAAGCG	False
KSR2nterm	5	C5	GTATGTCGGCTCTCGTATCG	G7	TGAGCCATAAAAGCAAAGCG	True
KSR2nterm	6	C2	ACGAGATGATGCACCGATAG	D5	AGTGGTCTGTAAACCGTACC	False
KSR2nterm	7	E5	ACGGAGCCCTTATTGTAACC	A8	AAACCGGAGCCATACAGTAC	True
KSR2nterm	8	G5	AATAGGAACCTCTTACGCGG	B8	AGTTGCAGTATCTAACCCGC	True
KSR2nterm	9	H5	TCGAATATGCTGTAACCCCG	D8	AGGACACCAGACCAATGAAG	True
KSR2nterm	10	G9	TGAGCGCAGAACTATCAGAC	G4	ACTGGACCCAATAAAAGGCC	False
KSR2cterm	1	F10	CTATAGAATCCGGGCTGGTC	D1	ACGTGAAACTGTATCGAGCC	False
KSR2cterm	2	C6	AGTATTCTTACAGCCAGCCG	F8	TGCCAAAGGGTAGAGACATC	True
KSR2cterm	3	D6	CGATAGAACGACCAGGTAGC	G8	AGATTGTTACTCCGACGGAC	True
KSR2cterm	4	E6	AGATTAGCTGCCGATACTGG	H8	TCACTTGGTATCGAGAACGG	True
KSR2cterm	5	F2	AATGCGTCATTTTACACGGC	D8	AGGACACCAGACCAATGAAG	False
KSR2cterm	6	E5	ACGGAGCCCTTATTGTAACC	A1	GTTGCATCTAAGCCAAGTGC	False
KSR2cterm	7	A7	AGTATTGCCGGACTAAACCC	D9	AGCTCAATCTAACAGTGGGG	True
KSR2cterm	8	C6	AGTATTCTTACAGCCAGCCG	B7	ATTCTCACGACGCAAGATGG	False
KSR2cterm	9	C7	ATTAGGATTGCGAGCGACAC	G9	AAGGAACTATGGCATCGAGC	True
MEK1	1	D7	AGTGTTTTCCATTTTCCGCG	H9	GAAGTGGTTTGCCTAAACGC	True
MEK1	2	E7	TAGCCAGGCAAAAGAGATCC	A10	TCTTCATAAGCCAGAGTGCC	True
MEK1	3	B5	AAAGGGGCCGTCAATATCAG	B4	ATACGTGGCTAGCATGAGAC	False
MEK1	4	G7	ATCAGACAACACAGAGGCTG	C10	TATCACGGAAGGACTCAACG	True
MEK1	5	H7	TCACATAGAAGGACATGGCG	D10	ACATCGCATACCAGAACAGG	True
MEK1	6	A11	ACAAGGAGTCGGCATATCAC	C9	AGTAAAGCATAGTGCCCAGC	False
MEK1	7	B8	CTAATATCCCTGAGCGACGG	F10	AGGGCTAATTACCATCAGCG	True
MEK1	8	A3	AAACACGTGGCAAACATTCC	B1	AAGGACTGCATACCAGGTTG	False
MEK2	1	C8	CACTCGATAGGTACAACCGG	G10	AGTATTAGGCGTCAAGGTCC	True
MEK2	2	D8	TCAAGGTCCGTTATGGAACC	H10	AGTTATAAGGGTCCGATGCC	True
MEK2	3	E8	ACTAGATTAGCAAGGCACCC	A11	AAGAATTACTGACCCCTCGG	True
MEK2	4	F8	AGTAGTATCCGAATCGCTGC	B11	ACCACAGGTCAAGATTCACG	True
MEK2	5	B8	CTAATATCCCTGAGCGACGG	E7	TCATCGACAAGATACAGGCG	False
MEK2	6	E9	AAATAAGACGACGACCCTCG	H7	AGACAACAATCTGAGGCTGG	False
MEK2	7	A4	AAAGCACTCTTAGGCCTCTG	D4	ATCCAGGAGGTCTAGGAACC	False
MEK2	8	C9	AGATTTCCGACGAGATTCCC	E1	ATTCAAGGGTTGGACGACTC	True
SOS1cterm	1	B10	TAGTGACCTAATGCCATGGG	H1	AGATAGTCACGCACAAGACC	False
SOS1cterm	2	F1	TAGTTGAGAACACGAACCCG	A3	TCAAAGGAGCACGAACCTAC	False
SOS1cterm	3	H1	AAGGCCCAGAAGGATACAAC	A5	AAGGATATGTAGACACCGCC	False
SOS1cterm	4	H7	TCACATAGAAGGACATGGCG	F7	ATTGACGGGAACTACACTCG	False
SOS1cterm	5	C8	CACTCGATAGGTACAACCGG	E4	ATCCTAGAAAAGGCGAAGGC	False
SOS1cterm	6	B3	AATGCAAAGCTATTAGCGCG	B2	TAACGACGTGCCGAACTTAG	False
SOS1cterm	7	B11	CCCGAGGGGAGAAATATACC	G3	TCTTGCGATAGACACAAGCC	False
SOS1cterm	8	B2	AGTCCGACACAATGTGACAC	G2	AAGGCGCTCGGATAATACTC	False
SOS1cterm	9	B4	AATGTCCTTAGGCAGTCGTC	F4	CTGCTAGGGGCTACTTATCG	False
SOS1cterm	10	D7	AGTGTTTTCCATTTTCCGCG	H3	CCACGAGATAAGAGGATGGC	False
SHOC2	1	E7	TAGCCAGGCAAAAGAGATCC	E8	GAAAAGTCCCAATGAGTGCC	False
SHOC2	2	D9	TATACTGAAGAACGGCCCAG	B8	AGTTGCAGTATCTAACCCGC	False
SHOC2	3	C5	GTATGTCGGCTCTCGTATCG	C10	TATCACGGAAGGACTCAACG	False
SHOC2	4	G1	CAGACCTACGGATCTTAGCG	H9	GAAGTGGTTTGCCTAAACGC	False
SHOC2	5	H5	TCGAATATGCTGTAACCCCG	H2	CGGGAGGAAGTCTTTAGACC	False
SHOC2	6	A8	AAGGTATGTATAGCGACCGC	F1	TACTGATAATTCGGACGCCC	False
SHOC2	7	F9	TAAGGGACGATGCTTAACCC	C8	GCTAAATAGAGGGAAGCCCC	False
SHOC2	8	D8	TCAAGGTCCGTTATGGAACC	D9	AGCTCAATCTAACAGTGGGG	False
SHOC2	9	E2	TGCATAGTATCCCAACAGGG	A8	AAACCGGAGCCATACAGTAC	False
SHOC2	10	A10	TTGACAGACAATCCGTAGGC	H2	CGGGAGGAAGTCTTTAGACC	False
SHOC2	11	D9	TATACTGAAGAACGGCCCAG	D4	ATCCAGGAGGTCTAGGAACC	False
METcterm	1	E8	ACTAGATTAGCAAGGCACCC	B8	AGTTGCAGTATCTAACCCGC	False
METcterm	2	A5	GCATAAAGTTGACAGGCCAG	G1	TAAGATAGCACCACGGATGG	False
METcterm	3	C7	ATTAGGATTGCGAGCGACAC	D1	ACGTGAAACTGTATCGAGCC	False
METcterm	4	H10	GGGCACCGATTAAGAAATGC	F1	TACTGATAATTCGGACGCCC	False
METcterm	5	D1	AGACACAAGGCTGATTCCAG	A10	TCTTCATAAGCCAGAGTGCC	False
METcterm	6	C1	GCACGCAAAAGGACATAACC	G5	AACGATGATGCTCACTCTCG	False
METcterm	7	C6	AGTATTCTTACAGCCAGCCG	A1	GTTGCATCTAAGCCAAGTGC	False
METcterm	8	C9	AGATTTCCGACGAGATTCCC	H1	AGATAGTCACGCACAAGACC	False
METcterm	9	F6	AGTCCCAAGTTCAGACGTAC	A3	TCAAAGGAGCACGAACCTAC	False
RETcterm	1	A4	AAAGCACTCTTAGGCCTCTG	F6	ACAGGGTATATTGAGTGCCC	False
RETcterm	2	D2	GACCATGCAAGGAGAGGTAC	C2	ATGCCATGACGACAACTAGC	False
RETcterm	3	B10	TAGTGACCTAATGCCATGGG	E1	ATTCAAGGGTTGGACGACTC	False
RETcterm	4	D6	CGATAGAACGACCAGGTAGC	B3	GCAGCGTTTTAGCCTACAAG	False
RETcterm	5	A11	ACAAGGAGTCGGCATATCAC	B1	AAGGACTGCATACCAGGTTG	False
RETcterm	6	E9	AAATAAGACGACGACCCTCG	A5	AAGGATATGTAGACACCGCC	False
RETcterm	7	A2	TATCAATCCGGAACCAGTGC	F3	GTATAAGATCAGCCGGACCC	False
RETcterm	8	E10	TCGACCAGGTTATCATGAGC	E2	TGGGGACGACTTATAATGCC	False
RETcterm	9	E7	TAGCCAGGCAAAAGAGATCC	H6	TCTAGGACTATCACCGGAGG	False
GRB2	1	H5	TCGAATATGCTGTAACCCCG	A2	ACAACGAGCAGACCGAATAG	False
GRB2	2	C5	GTATGTCGGCTCTCGTATCG	F2	GGAAAACTAAGACAAGGCGC	False
GRB2	3	A8	AAGGTATGTATAGCGACCGC	B2	TAACGACGTGCCGAACTTAG	False
GRB2	4	E4	AGTGAACTGACCGAATCCTC	H3	CCACGAGATAAGAGGATGGC	False
GRB2	5	F2	AATGCGTCATTTTACACGGC	G8	AGATTGTTACTCCGACGGAC	False
VWFDD3	1	F8	AGTAGTATCCGAATCGCTGC	H9	GAAGTGGTTTGCCTAAACGC	False
VWFDD3	2	F4	TTAGCTCAGGTCCAAAGTCC	H8	TCACTTGGTATCGAGAACGG	False
VWFDD3	3	C8	CACTCGATAGGTACAACCGG	C1	ATGCTAGCTGGAACTATCGG	False
VWFDD3	4	D4	GATACATAGACTTGGCCCCG	F5	CCGAGGGAACCATGATACAG	False
VWFDD3	5	B11	CCCGAGGGGAGAAATATACC	E5	AGGTGATCTGACGAATGTCC	False
